ref,width,height,long_edge,bytes,orientation,sharpness,use,category,drive_file_id
1,899,1599,1599,224822,portrait,39.6,gallery,taekwondo,10ZL70NQhI0mw_jxTAZljx_JXyTgLvjen
2,1024,1536,1536,268640,portrait,63.2,content source (poster),poster,11dmf3KUllHVY6C46XI-lrrmSpTiztfWX
3,1156,867,1156,138145,landscape,43.9,gallery,art,12MFrMvVNCs290lhkj3vZPT8E_xObt5XO
4,1080,608,1080,56353,landscape,37.0,gallery,events,130CJecPYm3nqCpnnvryu9uNb1XDHcQxO
5,1599,899,1599,223282,landscape,41.3,gallery,taekwondo,13_K7dEtQcPBmV8Tz1fSGLjfeIO4ZokG5
6,1600,1066,1600,454730,landscape,30.7,gallery,events,15FpKwMqYoaJdaAP2Wwl0YbVoj5kffj-t
7,1152,648,1152,86238,landscape,37.3,gallery,dance,15VGb0faam9o4_yeXCI_rIyVjt14wjtQO
8,540,1202,1202,64711,portrait,33.7,not used,-,16RxaHlJ4ZVg6y7Mi5BIg59f3Q_dW7kJx
9,891,1280,1280,129725,portrait,25.9,gallery,events,176hZWyEOzg14u-X3HiD7jNBD1F8HIAhK
10,1599,899,1599,157392,landscape,25.5,gallery,taekwondo,17OBXgGPwe22iIoJMQa9_GNds4NfJBOGF
11,1600,1066,1600,343573,landscape,16.6,gallery,events,17pcxJjMJUqNTb2xqiQcPGTyiBoNGdYal
12,1280,721,1280,106932,landscape,29.1,hero (section background),hero,17twkiU2o68Xuv3mja4Gjpp6WBXPK3wbV
13,1080,722,1080,153118,landscape,62.3,not used,-,17wvK9yN_MXcFc9BqlDZcvQVKlXHNhI0_
14,899,1599,1599,196696,portrait,34.3,gallery,art,18wTj2dvFTf5qObVTIMHUG-ncXWZQ2Sqf
15,1600,901,1600,179421,landscape,32.0,gallery,chess,1AI_KEgyxp48Ue5CJiOgYed5cMHP3Jo2_
16,1152,648,1152,92615,landscape,30.8,gallery,chess,1AoGUE0yrVTkOQ6-4H8xWxrreM7UmH_nt
17,1066,1599,1599,248074,portrait,29.5,gallery,dance,1BfNrnZNUZQslab1DCKAQ7qYoaz3IFjMS
18,1599,899,1599,196936,landscape,38.3,gallery,art,1DkDlKw3LQ3fQmjD3HrT8kcxo1n-04_kY
19,1600,901,1600,168634,landscape,26.8,gallery,art,1EcJnkvOk2cYDJRlTo1Mb896NeDhCjaoJ
20,808,1280,1280,127090,portrait,29.3,gallery,events,1Eursu3Wz0dyK9cxfTkh2PJde1HF-n91D
21,1600,1066,1600,293437,landscape,17.5,gallery,events,1FQaQik0U0t6SUI5rKUpovpQC1qTWhot3
22,585,1040,1040,70430,portrait,21.5,gallery,art,1FlMiPuTLF-iB8EdDs4bcvAfQJkj5k1Pa
23,1280,721,1280,97713,landscape,29.5,hero (section background),hero,1I2jk0hGV3EjADxWhBMERexq8yS6-BRw-
24,1152,648,1152,84562,landscape,31.0,gallery,dance,1IGaUjY3h-xKbAYra5EuN21Ilo4NHr29r
25,1440,1440,1440,304772,square,34.8,gallery,art,1INBBGj0unuXKYqCULIL7IHCPFAfTJcbt
26,1080,607,1080,52422,landscape,32.3,gallery,academics,1Iia1MXgmeC0_-XkNUDGOP3rjWbbhbRBw
27,1600,1066,1600,462071,landscape,33.9,gallery,music,1Im2a1Is8N7r-_3vEHOsjSp51IDweKeYN
28,1000,1000,1000,87466,square,43.1,content source (poster),poster,1IztH5Onvre2glzmV1RUPmGXLAuDb38h-
29,1152,648,1152,72097,landscape,31.7,gallery,chess,1KEfrwhmwR3SeBpfNbUqbIFUBfg0Zwhbh
30,1280,960,1280,207842,landscape,50.9,not used,-,1KTvmtrVfmtp3DH0VQZuV22KZDQXThuMA
31,1599,899,1599,210884,landscape,39.2,gallery,events,1L5tnEQqziTZi5OWNDDHfqzPkEh9cWqL_
32,1600,723,1600,103551,landscape,30.3,gallery,academics,1LdSVQHbKQQsqxQHsbV6-YZQgJIRNs0ZU
33,1600,901,1600,149395,landscape,27.1,gallery,dance,1M4z-hPLPtAO69EFGJFfheak-f-7fxkPJ
34,1600,1200,1600,145024,landscape,22.0,gallery,art,1Mpc5EmCOpA10em7rxWJJNI4vLcYl7ImT
35,1599,899,1599,135223,landscape,25.0,gallery,dance,1NwY8fjXeUA5DtM8U-h484vrWnEMlPwkx
36,1280,721,1280,130249,landscape,42.3,hero (section background),hero,1O7yKylV5nGJ4DNY78rk3yrk2SeDptUY4
37,1600,1066,1600,411974,landscape,29.2,gallery,dance,1OLzBOx-0CdN-TbF-VnUuRLJ6_zS_ACFK
38,1600,1066,1600,381047,landscape,30.5,gallery,events,1QFFP8Xl7ajgpM7OzvPbquxP0iYM_Mo3Y
39,901,1600,1600,112230,portrait,21.6,not used,-,1QnorAjczCtazzmDN0kLHdp_9IMW14Y3T
40,1280,721,1280,164115,landscape,29.4,gallery,dance,1R9WnWce7_w_dVp-kTdAf4Yd69KIkBiT9
41,607,1080,1080,62113,portrait,37.9,gallery,events,1ReQBRutRhCAUeJiw-NtvxAC0aQtA4AfZ
42,1280,853,1280,307245,landscape,60.6,content source (poster),poster,1S-zOUx76iwCMpRJcRqufhkxIreHED-JA
43,1152,528,1152,110003,landscape,50.7,gallery,chess,1SIJEAAreCq2HBZnNUKUupEk7cRd61HWm
44,867,1156,1156,138084,portrait,40.7,content source (poster),poster,1Y0Thzj8vPXoXpVKe_ktCddFroHwpTt0B
45,945,1280,1280,130268,portrait,36.1,gallery,art,1Y5G-BUqZeeAczYzaw4xMCW3d1S8nT4J8
46,1254,1254,1254,217484,square,54.1,content source (poster),poster,1YOEu_7aopH6S6IUP645Ff2yOEnfzklA_
47,607,1080,1080,56281,portrait,40.8,gallery,taekwondo,1YaUb8RP1F_LHuLqt8_dPuc3oFtUu9nmT
48,1152,648,1152,81194,landscape,36.5,gallery,academics,1ZAFuMaSgIbWM8BislvuzMLiIIZOa7WF3
49,1152,648,1152,98650,landscape,35.9,gallery,chess,1_C75yV95lFhwpHp0ayF0f5DoSKDPbCB-
50,497,496,497,72626,square,59.7,content source (poster),poster,1_Vc5QBvVUNFa7NjEd81Pxw0gwZA4UV74
51,1080,708,1080,123495,landscape,56.7,content source (poster),poster,1_Zv5GsXWkhvaSJSTSwOv7dADePu8AtSD
52,1280,721,1280,90768,landscape,25.1,gallery,dance,1_t8NeihKcg2sVUX33V0laxnQ12mlOsdO
53,1600,901,1600,139998,landscape,27.2,gallery,chess,1b9us-OeGNKNt-0x7DXmdiG0WrKWglNgn
54,1280,721,1280,125462,landscape,37.7,gallery,academics,1cMBdj80JWUnyC3TQ1foeqvarVzp7GqeD
55,900,1600,1600,130931,portrait,17.7,gallery,art,1dSZs9nUbI5aTIiNaVzpX8tAnJ7xQwSrp
56,1280,721,1280,100223,landscape,29.6,gallery,dance,1dTWeHdAYQTK7DArzBTyyLWYD3A85SLiJ
57,1080,607,1080,62565,landscape,41.1,gallery,taekwondo,1dVZ_9N7TwEKQ4y3RlgrnA4pyI3V7eco0
58,706,875,875,105884,portrait,40.4,not used,-,1e321OO8aaD1Scm9T7Y_qsrgxrBsC3RCx
59,706,726,726,132975,square,57.3,content source (poster),poster,1fG8lm5QXOg7ByA8HxpA0ZuSfGDWlE6mM
60,899,1599,1599,231743,portrait,42.4,not used,-,1fThZR0WmqP9SOu_CSabLHkvBxJXvuY-f
61,1600,1200,1600,196658,landscape,27.1,gallery,academics,1fjJIERz3X3OJMTAsRhcrKG4WlzU3ipfY
62,1152,648,1152,106865,landscape,37.8,gallery,academics,1fznvW7tZsVl0CBPaX86gN15fjKd0ppju
63,1600,1066,1600,381228,landscape,27.4,gallery,events,1hGQyV0od72tl1REe7tdFbrC8y9KTM6wg
64,648,1152,1152,84972,portrait,36.3,gallery,art,1hPnH0N8FF-sOTXjCw0q-4HgruASMuBh5
65,1071,1077,1077,143000,square,20.1,gallery,dance,1ij65YGQpSxE_nJGfa3e8azZw0fN68BMD
66,1024,1536,1536,360403,portrait,71.2,content source (poster),poster,1isTCZIo4VCB3VGlXQUKnG2B4n27KuBDk
67,1080,607,1080,64160,landscape,35.2,hero (section background),hero,1jRINUv6pHW2HPYDzXS_HbI9m3z_1qMdH
68,791,661,791,45338,landscape,32.6,brand asset,logo,1j_Yq_7iIkLhfmRJuckiHavDDMiVXzCXF
69,1280,721,1280,113126,landscape,37.1,gallery,dance,1lFGPHa1YK1UecAtKi-uZa1dWp5zcxE9G
70,1280,721,1280,103373,landscape,36.6,gallery,dance,1lrgq7FIs1GhevmLihV-JTdjQL3VV_Si9
71,1600,901,1600,130964,landscape,27.6,hero (section background),hero,1m4INzIMGMefcwSUkQu7B_Yr_BtqriL66
72,1600,1066,1600,479641,landscape,41.7,gallery,art,1mM96GW5M1GG0AxkM2ckWuXkw92hlR1XJ
73,1600,1200,1600,109267,landscape,12.5,gallery,academics,1mTzuFBO0QunAxVApF9I4r6Mhs32_5a2L
74,1080,1558,1558,140175,portrait,16.0,not used,-,1oE8S7LFNQ29jKNtjhpXZ_xY0K1LPyFKm
75,718,1600,1600,135481,portrait,47.4,not used,-,1oFw71fqpgrtClXGwDQB_0zZ1WMw1uSmk
76,1280,853,1280,314065,landscape,60.9,not used,-,1oRDjM-NGEiXFhz_dmlLRYc_SfZbDwNGY
77,900,1280,1280,100320,portrait,15.3,gallery,art,1obvfy7o_iqJxP67r8ESDOsVwuH9u5TB3
78,1280,853,1280,297990,landscape,52.7,content source (poster),poster,1pI0jZqVU33zBY_Ylix4dmJ7LVRGkVfHA
79,1152,648,1152,110349,landscape,39.6,hero (section background),hero,1pRvPHJkcr-EieY0ADskmOImBZBMXBPY8
80,867,1156,1156,93868,portrait,28.0,gallery,art,1pcV1q9WxiDzCxNBPIXkIfyWBKCCjHM9M
81,1600,1200,1600,193181,landscape,23.6,gallery,music,1pibCmFCT2suTU_q9bf9jSb_bvy_wrwNf
82,1280,720,1280,177892,landscape,26.8,gallery,taekwondo,1qQg8xFFNi0G26IM9EYL0J9EmOUu3pRso
83,1600,738,1600,186959,landscape,46.6,gallery,academics,1qaJqNywGQo1JxYfDeMVGTL9RaQqQqYLp
84,1280,1280,1280,132181,square,34.8,brand asset,logo,1u0esGgOpwr3hNceD7OD5V75D4AGgtvN6
85,585,1040,1040,81283,portrait,33.0,gallery,art,1uotwkqcwWsEFsgnHm6769mkcAhNTeQbg
86,950,1280,1280,159685,portrait,39.0,content source (poster),poster,1v1Q0xSbsJkVcLEAuoIpxKGv4qf_vcYcY
87,585,1040,1040,81610,portrait,31.8,gallery,art,1vMmXuyQKBzFbsrIx2uaDKCPTLCpaLiMV
88,1600,1066,1600,502855,landscape,35.1,gallery,events,1vsb0l9turjmF6YtTXANiPFNIfDMe3ik1
89,1080,1432,1432,163640,portrait,21.2,gallery,chess,1wPtloBepTcZ1h4_-Zc-X1zADa7wEP0K9
90,1280,856,1280,293158,landscape,64.3,not used,-,1xJDWbg7gMNbM7JyDZUZJUkPlWdRRAN9I
91,1152,648,1152,88131,landscape,28.2,gallery,academics,1xo1DT35wGf5XitXrcUA8aOEBQPG95sko
92,1600,1066,1600,408549,landscape,30.8,gallery,events,1xx0LssykONLhQWsJboOXkQAFj1WzuAio
93,1080,607,1080,55153,landscape,33.1,gallery,music,1yLfJ8DxCyw3dZCf5HzhSNb9dT3AP3nwZ
94,1254,1254,1254,336259,square,64.3,content source (poster),poster,1yfnqmD-9I4iDJa-5fOISzsxTSVFSACDJ
95,1024,1536,1536,347542,portrait,65.2,content source (poster),poster,1zU4UGC3rgOZ_kmEqlO65CZjddmrjXJGT
96,1600,1200,1600,156176,landscape,12.0,gallery,music,1z_v769hLt3k2W5WRPOoELP9Iwd684Pmu
